,filename,label
0,DIESTRO_142_4.jpg,DIESTRO
1,DIESTRO_143_4.jpg,DIESTRO
2,DIESTRO_144_4.jpg,DIESTRO
3,DIESTRO_145_4.jpg,DIESTRO
4,DIESTRO_150_4.jpg,DIESTRO
5,DIESTRO_151_4.jpg,DIESTRO
6,DIESTRO_156_4.jpg,DIESTRO
7,DIESTRO_157_4.jpg,DIESTRO
8,DIESTRO_161_4.jpg,DIESTRO
9,DIESTRO_162_4.jpg,DIESTRO
10,DIESTRO_177_4.jpg,DIESTRO
11,DIESTRO_178_4.jpg,DIESTRO
12,DIESTRO_180_4.jpg,DIESTRO
13,DIESTRO_190_4.jpg,DIESTRO
14,DIESTRO_191_4.jpg,DIESTRO
15,DIESTRO_192_4.jpg,DIESTRO
16,DIESTRO_193_4.jpg,DIESTRO
17,DIESTRO_194_4.jpg,DIESTRO
18,DIESTRO_198_4.jpg,DIESTRO
19,DIESTRO_199_4.jpg,DIESTRO
20,DIESTRO_200_4.jpg,DIESTRO
21,DIESTRO_201_4.jpg,DIESTRO
22,DIESTRO_204_4.jpg,DIESTRO
23,DIESTRO_205_4.jpg,DIESTRO
24,DIESTRO_207_4.jpg,DIESTRO
25,DIESTRO_213_4.jpg,DIESTRO
26,DIESTRO_222_4.jpg,DIESTRO
27,DIESTRO_223_4.jpg,DIESTRO
28,DIESTRO_224_4.jpg,DIESTRO
29,DIESTRO_265_4.jpg,DIESTRO
30,DIESTRO_266_4.jpg,DIESTRO
31,DIESTRO_267_4.jpg,DIESTRO
32,DIESTRO_270_4.jpg,DIESTRO
33,DIESTRO_271_4.jpg,DIESTRO
34,DIESTRO_272_4.jpg,DIESTRO
35,DIESTRO_273_4.jpg,DIESTRO
36,DIESTRO_274_4.jpg,DIESTRO
37,DIESTRO_275_4.jpg,DIESTRO
38,DIESTRO_276_4.jpg,DIESTRO
39,DIESTRO_277_4.jpg,DIESTRO
40,DIESTRO_278_4.jpg,DIESTRO
41,DIESTRO_288_4.jpg,DIESTRO
42,DIESTRO_289_4.jpg,DIESTRO
43,DIESTRO_290_4.jpg,DIESTRO
44,DIESTRO_291_4.jpg,DIESTRO
45,DIESTRO_292_4.jpg,DIESTRO
46,DIESTRO_293_4.jpg,DIESTRO
47,DIESTRO_309_4.jpg,DIESTRO
48,DIESTRO_310_4.jpg,DIESTRO
49,DIESTRO_311_4.jpg,DIESTRO
50,DIESTRO_322_4.jpg,DIESTRO
51,DIESTRO_323_4.jpg,DIESTRO
52,DIESTRO_324_4.jpg,DIESTRO
53,DIESTRO_325_4.jpg,DIESTRO
54,DIESTRO_332_4.jpg,DIESTRO
55,DIESTRO_333_4.jpg,DIESTRO
56,DIESTRO_337_4.jpg,DIESTRO
57,DIESTRO_338_4.jpg,DIESTRO
58,DIESTRO_341_4.jpg,DIESTRO
59,DIESTRO_345_4.jpg,DIESTRO
60,DIESTRO_352_4.jpg,DIESTRO
61,DIESTRO_353_4.jpg,DIESTRO
62,DIESTRO_355_4.jpg,DIESTRO
63,DIESTRO_356_4.jpg,DIESTRO
64,DIESTRO_357_4.jpg,DIESTRO
65,DIESTRO_368_4.jpg,DIESTRO
66,DIESTRO_369_4.jpg,DIESTRO
67,DIESTRO_370_4.jpg,DIESTRO
68,DIESTRO_371_4.jpg,DIESTRO
69,DIESTRO_378_4.jpg,DIESTRO
70,DIESTRO_386_4.jpg,DIESTRO
71,DIESTRO_387_4.jpg,DIESTRO
72,DIESTRO_388_4.jpg,DIESTRO
73,DIESTRO_404_4.jpg,DIESTRO
74,DIESTRO_405_4.jpg,DIESTRO
75,DIESTRO_406_4.jpg,DIESTRO
76,DIESTRO_424_4.jpg,DIESTRO
77,DIESTRO_425_4.jpg,DIESTRO
78,DIESTRO_426_4.jpg,DIESTRO
79,DIESTRO_429_4.jpg,DIESTRO
80,DIESTRO_430_4.jpg,DIESTRO
81,DIESTRO_431_4.jpg,DIESTRO
82,DIESTRO_432_4.jpg,DIESTRO
83,DIESTRO_468_4.jpg,DIESTRO
84,DIESTRO_469_4.jpg,DIESTRO
85,DIESTRO_470_4.jpg,DIESTRO
86,DIESTRO_471_4.jpg,DIESTRO
87,DIESTRO_478_4.jpg,DIESTRO
88,DIESTRO_479_4.jpg,DIESTRO
89,DIESTRO_480_4.jpg,DIESTRO
90,DIESTRO_528_4.jpg,DIESTRO
91,DIESTRO_541_4.jpg,DIESTRO
92,DIESTRO_542_4.jpg,DIESTRO
93,DIESTRO_543_4.jpg,DIESTRO
94,DIESTRO_544_4.jpg,DIESTRO
95,DIESTRO_549_4.jpg,DIESTRO
96,DIESTRO_550_4.jpg,DIESTRO
97,DIESTRO_551_4.jpg,DIESTRO
98,DIESTRO_552_4.jpg,DIESTRO
99,DIESTRO_566_4.jpg,DIESTRO
100,DIESTRO_567_4.jpg,DIESTRO
101,DIESTRO_568_4.jpg,DIESTRO
102,DIESTRO_575_4.jpg,DIESTRO
103,DIESTRO_576_4.jpg,DIESTRO
104,DIESTRO_577_4.jpg,DIESTRO
105,DIESTRO_578_4.jpg,DIESTRO
106,DIESTRO_579_4.jpg,DIESTRO
107,DIESTRO_580_4.jpg,DIESTRO
108,DIESTRO_581_4.jpg,DIESTRO
109,DIESTRO_582_4.jpg,DIESTRO
110,DIESTRO_583_4.jpg,DIESTRO
111,DIESTRO_584_4.jpg,DIESTRO
112,DIESTRO_585_4.jpg,DIESTRO
113,DIESTRO_593_4.jpg,DIESTRO
114,DIESTRO_598_4.jpg,DIESTRO
115,DIESTRO_599_4.jpg,DIESTRO
116,DIESTRO_600_4.jpg,DIESTRO
117,DIESTRO_601_4.jpg,DIESTRO
118,DIESTRO_602_4.jpg,DIESTRO
119,DIESTRO_603_4.jpg,DIESTRO
120,DIESTRO_604_4.jpg,DIESTRO
121,DIESTRO_605_4.jpg,DIESTRO
122,DIESTRO_606_4.jpg,DIESTRO
123,DIESTRO_607_4.jpg,DIESTRO
124,ESTRO_186_2.jpg,ESTRO
125,ESTRO_187_2.jpg,ESTRO
126,ESTRO_202_2.jpg,ESTRO
127,ESTRO_203_2.jpg,ESTRO
128,ESTRO_220_2.jpg,ESTRO
129,ESTRO_221_2.jpg,ESTRO
130,ESTRO_227_2.jpg,ESTRO
131,ESTRO_228_2.jpg,ESTRO
132,ESTRO_239_2.jpg,ESTRO
133,ESTRO_240_2.jpg,ESTRO
134,ESTRO_241_2.jpg,ESTRO
135,ESTRO_249_2.jpg,ESTRO
136,ESTRO_260_2.jpg,ESTRO
137,ESTRO_261_2.jpg,ESTRO
138,ESTRO_262_2.jpg,ESTRO
139,ESTRO_268_2.jpg,ESTRO
140,ESTRO_269_2.jpg,ESTRO
141,ESTRO_296_2.jpg,ESTRO
142,ESTRO_297_2.jpg,ESTRO
143,ESTRO_305_2.jpg,ESTRO
144,ESTRO_306_2.jpg,ESTRO
145,ESTRO_307_2.jpg,ESTRO
146,ESTRO_308_2.jpg,ESTRO
147,ESTRO_327_2.jpg,ESTRO
148,ESTRO_328_2.jpg,ESTRO
149,ESTRO_330_2.jpg,ESTRO
150,ESTRO_346_2.jpg,ESTRO
151,ESTRO_347_2.jpg,ESTRO
152,ESTRO_348_2.jpg,ESTRO
153,ESTRO_349_2.jpg,ESTRO
154,ESTRO_384_2.jpg,ESTRO
155,ESTRO_385_2.jpg,ESTRO
156,ESTRO_389_2.jpg,ESTRO
157,ESTRO_390_2.jpg,ESTRO
158,ESTRO_398_2.jpg,ESTRO
159,ESTRO_399_2.jpg,ESTRO
160,ESTRO_400_2.jpg,ESTRO
161,ESTRO_407_2.jpg,ESTRO
162,ESTRO_408_2.jpg,ESTRO
163,ESTRO_417_2.jpg,ESTRO
164,ESTRO_440_2.jpg,ESTRO
165,ESTRO_443_2.jpg,ESTRO
166,ESTRO_444_2.jpg,ESTRO
167,ESTRO_445_2.jpg,ESTRO
168,ESTRO_449_2.jpg,ESTRO
169,ESTRO_450_2.jpg,ESTRO
170,ESTRO_451_2.jpg,ESTRO
171,ESTRO_464_2.jpg,ESTRO
172,ESTRO_465_2.jpg,ESTRO
173,ESTRO_466_2.jpg,ESTRO
174,ESTRO_467_2.jpg,ESTRO
175,ESTRO_486_2.jpg,ESTRO
176,ESTRO_487_2.jpg,ESTRO
177,ESTRO_488_2.jpg,ESTRO
178,ESTRO_489_2.jpg,ESTRO
179,ESTRO_494_2.jpg,ESTRO
180,ESTRO_495_2.jpg,ESTRO
181,ESTRO_496_2.jpg,ESTRO
182,ESTRO_497_2.jpg,ESTRO
183,ESTRO_498_2.jpg,ESTRO
184,ESTRO_499_2.jpg,ESTRO
185,ESTRO_500_2.jpg,ESTRO
186,ESTRO_501_2.jpg,ESTRO
187,ESTRO_502_2.jpg,ESTRO
188,ESTRO_503_2.jpg,ESTRO
189,ESTRO_504_2.jpg,ESTRO
190,ESTRO_505_2.jpg,ESTRO
191,ESTRO_506_2.jpg,ESTRO
192,ESTRO_507_2.jpg,ESTRO
193,ESTRO_514_2.jpg,ESTRO
194,ESTRO_515_2.jpg,ESTRO
195,ESTRO_516_2.jpg,ESTRO
196,ESTRO_517_2.jpg,ESTRO
197,ESTRO_524_2.jpg,ESTRO
198,ESTRO_525_2.jpg,ESTRO
199,ESTRO_526_2.jpg,ESTRO
200,ESTRO_527_2.jpg,ESTRO
201,ESTRO_529_2.jpg,ESTRO
202,ESTRO_530_2.jpg,ESTRO
203,ESTRO_545_2.jpg,ESTRO
204,ESTRO_546_2.jpg,ESTRO
205,ESTRO_547_2.jpg,ESTRO
206,ESTRO_548_2.jpg,ESTRO
207,ESTRO_555_2.jpg,ESTRO
208,ESTRO_556_2.jpg,ESTRO
209,ESTRO_557_2.jpg,ESTRO
210,ESTRO_558_2.jpg,ESTRO
211,ESTRO_559_2.jpg,ESTRO
212,ESTRO_560_2.jpg,ESTRO
213,ESTRO_561_2.jpg,ESTRO
214,ESTRO_562_2.jpg,ESTRO
215,ESTRO_563_2.jpg,ESTRO
216,ESTRO_564_2.jpg,ESTRO
217,ESTRO_565_2.jpg,ESTRO
218,ESTRO_569_2.jpg,ESTRO
219,ESTRO_570_2.jpg,ESTRO
220,ESTRO_571_2.jpg,ESTRO
221,ESTRO_586_2.jpg,ESTRO
222,ESTRO_587_2.jpg,ESTRO
223,ESTRO_588_2.jpg,ESTRO
224,ESTRO_589_2.jpg,ESTRO
225,ESTRO_590_2.jpg,ESTRO
226,ESTRO_591_2.jpg,ESTRO
227,ESTRO_592_2.jpg,ESTRO
228,ESTRO_594_2.jpg,ESTRO
229,ESTRO_595_2.jpg,ESTRO
230,ESTRO_596_2.jpg,ESTRO
231,ESTRO_597_2.jpg,ESTRO
232,ESTRO_608_2.jpg,ESTRO
233,ESTRO_609_2.jpg,ESTRO
234,ESTRO_610_2.jpg,ESTRO
235,ESTRO_611_2.jpg,ESTRO
236,ESTRO_612_2.jpg,ESTRO
237,ESTRO_613_2.jpg,ESTRO
238,ESTRO_614_2.jpg,ESTRO
239,ESTRO_615_2.jpg,ESTRO
240,ESTRO_616_2.jpg,ESTRO
241,ESTRO_617_2.jpg,ESTRO
242,ESTRO_618_2.jpg,ESTRO
243,ESTRO_619_2.jpg,ESTRO
244,ESTRO_621_2.jpg,ESTRO
245,ESTRO_622_2.jpg,ESTRO
246,ESTRO_626_2.jpg,ESTRO
247,ESTRO_627_2.jpg,ESTRO
248,ESTRO_628_2.jpg,ESTRO
249,METAESTRO_133_3.jpg,METAESTRO
250,METAESTRO_134_3.jpg,METAESTRO
251,METAESTRO_135_3.jpg,METAESTRO
252,METAESTRO_136_3.jpg,METAESTRO
253,METAESTRO_137_3.jpg,METAESTRO
254,METAESTRO_138_3.jpg,METAESTRO
255,METAESTRO_152_3.jpg,METAESTRO
256,METAESTRO_153_3.jpg,METAESTRO
257,METAESTRO_155_3.jpg,METAESTRO
258,METAESTRO_158_3.jpg,METAESTRO
259,METAESTRO_159_3.jpg,METAESTRO
260,METAESTRO_160_3.jpg,METAESTRO
261,METAESTRO_166_3.jpg,METAESTRO
262,METAESTRO_167_3.jpg,METAESTRO
263,METAESTRO_171_3.jpg,METAESTRO
264,METAESTRO_172_3.jpg,METAESTRO
265,METAESTRO_173_3.jpg,METAESTRO
266,METAESTRO_208_3.jpg,METAESTRO
267,METAESTRO_209_3.jpg,METAESTRO
268,METAESTRO_210_3.jpg,METAESTRO
269,METAESTRO_215_3.jpg,METAESTRO
270,METAESTRO_225_3.jpg,METAESTRO
271,METAESTRO_226_3.jpg,METAESTRO
272,METAESTRO_237_3.jpg,METAESTRO
273,METAESTRO_238_3.jpg,METAESTRO
274,METAESTRO_242_3.jpg,METAESTRO
275,METAESTRO_243_3.jpg,METAESTRO
276,METAESTRO_244_3.jpg,METAESTRO
277,METAESTRO_245_3.jpg,METAESTRO
278,METAESTRO_246_3.jpg,METAESTRO
279,METAESTRO_250_3.jpg,METAESTRO
280,METAESTRO_251_3.jpg,METAESTRO
281,METAESTRO_252_3.jpg,METAESTRO
282,METAESTRO_253_3.jpg,METAESTRO
283,METAESTRO_254_3.jpg,METAESTRO
284,METAESTRO_255_3.jpg,METAESTRO
285,METAESTRO_256_3.jpg,METAESTRO
286,METAESTRO_257_3.jpg,METAESTRO
287,METAESTRO_258_3.jpg,METAESTRO
288,METAESTRO_259_3.jpg,METAESTRO
289,METAESTRO_263_3.jpg,METAESTRO
290,METAESTRO_264_3.jpg,METAESTRO
291,METAESTRO_285_3.jpg,METAESTRO
292,METAESTRO_286_3.jpg,METAESTRO
293,METAESTRO_287_3.jpg,METAESTRO
294,METAESTRO_294_3.jpg,METAESTRO
295,METAESTRO_295_3.jpg,METAESTRO
296,METAESTRO_298_3.jpg,METAESTRO
297,METAESTRO_299_3.jpg,METAESTRO
298,METAESTRO_300_3.jpg,METAESTRO
299,METAESTRO_304_3.jpg,METAESTRO
300,METAESTRO_315_3.jpg,METAESTRO
301,METAESTRO_316_3.jpg,METAESTRO
302,METAESTRO_317_3.jpg,METAESTRO
303,METAESTRO_318_3.jpg,METAESTRO
304,METAESTRO_331_3.jpg,METAESTRO
305,METAESTRO_334_3.jpg,METAESTRO
306,METAESTRO_335_3.jpg,METAESTRO
307,METAESTRO_336_3.jpg,METAESTRO
308,METAESTRO_339_3.jpg,METAESTRO
309,METAESTRO_340_3.jpg,METAESTRO
310,METAESTRO_365_3.jpg,METAESTRO
311,METAESTRO_366_3.jpg,METAESTRO
312,METAESTRO_367_3.jpg,METAESTRO
313,METAESTRO_375_3.jpg,METAESTRO
314,METAESTRO_376_3.jpg,METAESTRO
315,METAESTRO_377_3.jpg,METAESTRO
316,METAESTRO_379_3.jpg,METAESTRO
317,METAESTRO_380_3.jpg,METAESTRO
318,METAESTRO_381_3.jpg,METAESTRO
319,METAESTRO_394_3.jpg,METAESTRO
320,METAESTRO_395_3.jpg,METAESTRO
321,METAESTRO_396_3.jpg,METAESTRO
322,METAESTRO_397_3.jpg,METAESTRO
323,METAESTRO_401_3.jpg,METAESTRO
324,METAESTRO_402_3.jpg,METAESTRO
325,METAESTRO_403_3.jpg,METAESTRO
326,METAESTRO_418_3.jpg,METAESTRO
327,METAESTRO_419_3.jpg,METAESTRO
328,METAESTRO_420_3.jpg,METAESTRO
329,METAESTRO_421_3.jpg,METAESTRO
330,METAESTRO_422_3.jpg,METAESTRO
331,METAESTRO_423_3.jpg,METAESTRO
332,METAESTRO_446_3.jpg,METAESTRO
333,METAESTRO_447_3.jpg,METAESTRO
334,METAESTRO_448_3.jpg,METAESTRO
335,METAESTRO_456_3.jpg,METAESTRO
336,METAESTRO_457_3.jpg,METAESTRO
337,METAESTRO_458_3.jpg,METAESTRO
338,METAESTRO_460_3.jpg,METAESTRO
339,METAESTRO_461_3.jpg,METAESTRO
340,METAESTRO_462_3.jpg,METAESTRO
341,METAESTRO_463_3.jpg,METAESTRO
342,METAESTRO_475_3.jpg,METAESTRO
343,METAESTRO_476_3.jpg,METAESTRO
344,METAESTRO_477_3.jpg,METAESTRO
345,METAESTRO_481_3.jpg,METAESTRO
346,METAESTRO_482_3.jpg,METAESTRO
347,METAESTRO_483_3.jpg,METAESTRO
348,METAESTRO_484_3.jpg,METAESTRO
349,METAESTRO_485_3.jpg,METAESTRO
350,METAESTRO_508_3.jpg,METAESTRO
351,METAESTRO_509_3.jpg,METAESTRO
352,METAESTRO_510_3.jpg,METAESTRO
353,METAESTRO_518_3.jpg,METAESTRO
354,METAESTRO_519_3.jpg,METAESTRO
355,METAESTRO_520_3.jpg,METAESTRO
356,METAESTRO_521_3.jpg,METAESTRO
357,METAESTRO_522_3.jpg,METAESTRO
358,METAESTRO_523_3.jpg,METAESTRO
359,METAESTRO_537_3.jpg,METAESTRO
360,METAESTRO_538_3.jpg,METAESTRO
361,METAESTRO_539_3.jpg,METAESTRO
362,METAESTRO_540_3.jpg,METAESTRO
363,METAESTRO_553_3.jpg,METAESTRO
364,METAESTRO_554_3.jpg,METAESTRO
365,METAESTRO_572_3.jpg,METAESTRO
366,METAESTRO_573_3.jpg,METAESTRO
367,METAESTRO_574_3.jpg,METAESTRO
368,METAESTRO_620_3.jpg,METAESTRO
369,METAESTRO_623_3.jpg,METAESTRO
370,METAESTRO_624_3.jpg,METAESTRO
371,METAESTRO_625_3.jpg,METAESTRO
372,METAESTRO_632_3.jpg,METAESTRO
373,PROESTRO_139_1.jpg,PROESTRO
374,PROESTRO_140_1.jpg,PROESTRO
375,PROESTRO_141_1.jpg,PROESTRO
376,PROESTRO_146_1.jpg,PROESTRO
377,PROESTRO_147_1.jpg,PROESTRO
378,PROESTRO_148_1.jpg,PROESTRO
379,PROESTRO_149_1.jpg,PROESTRO
380,PROESTRO_163_1.jpg,PROESTRO
381,PROESTRO_164_1.jpg,PROESTRO
382,PROESTRO_165_1.jpg,PROESTRO
383,PROESTRO_168_1.jpg,PROESTRO
384,PROESTRO_169_1.jpg,PROESTRO
385,PROESTRO_170_1.jpg,PROESTRO
386,PROESTRO_174_1.jpg,PROESTRO
387,PROESTRO_175_1.jpg,PROESTRO
388,PROESTRO_176_1.jpg,PROESTRO
389,PROESTRO_179_1.jpg,PROESTRO
390,PROESTRO_181_1.jpg,PROESTRO
391,PROESTRO_182_1.jpg,PROESTRO
392,PROESTRO_183_1.jpg,PROESTRO
393,PROESTRO_184_1.jpg,PROESTRO
394,PROESTRO_185_1.jpg,PROESTRO
395,PROESTRO_188_1.jpg,PROESTRO
396,PROESTRO_189_1.jpg,PROESTRO
397,PROESTRO_195_1.jpg,PROESTRO
398,PROESTRO_196_1.jpg,PROESTRO
399,PROESTRO_197_1.jpg,PROESTRO
400,PROESTRO_206_1.jpg,PROESTRO
401,PROESTRO_211_1.jpg,PROESTRO
402,PROESTRO_212_1.jpg,PROESTRO
403,PROESTRO_214_1.jpg,PROESTRO
404,PROESTRO_216_1.jpg,PROESTRO
405,PROESTRO_217_1.jpg,PROESTRO
406,PROESTRO_218_1.jpg,PROESTRO
407,PROESTRO_219_1.jpg,PROESTRO
408,PROESTRO_229_1.jpg,PROESTRO
409,PROESTRO_230_1.jpg,PROESTRO
410,PROESTRO_231_1.jpg,PROESTRO
411,PROESTRO_232_1.jpg,PROESTRO
412,PROESTRO_233_1.jpg,PROESTRO
413,PROESTRO_234_1.jpg,PROESTRO
414,PROESTRO_235_1.jpg,PROESTRO
415,PROESTRO_236_1.jpg,PROESTRO
416,PROESTRO_247_1.jpg,PROESTRO
417,PROESTRO_248_1.jpg,PROESTRO
418,PROESTRO_279_1.jpg,PROESTRO
419,PROESTRO_280_1.jpg,PROESTRO
420,PROESTRO_281_1.jpg,PROESTRO
421,PROESTRO_282_1.jpg,PROESTRO
422,PROESTRO_283_1.jpg,PROESTRO
423,PROESTRO_284_1.jpg,PROESTRO
424,PROESTRO_301_1.jpg,PROESTRO
425,PROESTRO_302_1.jpg,PROESTRO
426,PROESTRO_303_1.jpg,PROESTRO
427,PROESTRO_312_1.jpg,PROESTRO
428,PROESTRO_313_1.jpg,PROESTRO
429,PROESTRO_314_1.jpg,PROESTRO
430,PROESTRO_319_1.jpg,PROESTRO
431,PROESTRO_320_1.jpg,PROESTRO
432,PROESTRO_321_1.jpg,PROESTRO
433,PROESTRO_326_1.jpg,PROESTRO
434,PROESTRO_342_1.jpg,PROESTRO
435,PROESTRO_343_1.jpg,PROESTRO
436,PROESTRO_344_1.jpg,PROESTRO
437,PROESTRO_350_1.jpg,PROESTRO
438,PROESTRO_351_1.jpg,PROESTRO
439,PROESTRO_354_1.jpg,PROESTRO
440,PROESTRO_358_1.jpg,PROESTRO
441,PROESTRO_359_1.jpg,PROESTRO
442,PROESTRO_360_1.jpg,PROESTRO
443,PROESTRO_361_1.jpg,PROESTRO
444,PROESTRO_362_1.jpg,PROESTRO
445,PROESTRO_363_1.jpg,PROESTRO
446,PROESTRO_364_1.jpg,PROESTRO
447,PROESTRO_372_1.jpg,PROESTRO
448,PROESTRO_373_1.jpg,PROESTRO
449,PROESTRO_374_1.jpg,PROESTRO
450,PROESTRO_382_1.jpg,PROESTRO
451,PROESTRO_383_1.jpg,PROESTRO
452,PROESTRO_391_1.jpg,PROESTRO
453,PROESTRO_392_1.jpg,PROESTRO
454,PROESTRO_393_1.jpg,PROESTRO
455,PROESTRO_409_1.jpg,PROESTRO
456,PROESTRO_410_1.jpg,PROESTRO
457,PROESTRO_411_1.jpg,PROESTRO
458,PROESTRO_412_1.jpg,PROESTRO
459,PROESTRO_413_1.jpg,PROESTRO
460,PROESTRO_414_1.jpg,PROESTRO
461,PROESTRO_415_1.jpg,PROESTRO
462,PROESTRO_416_1.jpg,PROESTRO
463,PROESTRO_427_1.jpg,PROESTRO
464,PROESTRO_428_1.jpg,PROESTRO
465,PROESTRO_433_1.jpg,PROESTRO
466,PROESTRO_434_1.jpg,PROESTRO
467,PROESTRO_435_1.jpg,PROESTRO
468,PROESTRO_436_1.jpg,PROESTRO
469,PROESTRO_437_1.jpg,PROESTRO
470,PROESTRO_438_1.jpg,PROESTRO
471,PROESTRO_439_1.jpg,PROESTRO
472,PROESTRO_441_1.jpg,PROESTRO
473,PROESTRO_442_1.jpg,PROESTRO
474,PROESTRO_452_1.jpg,PROESTRO
475,PROESTRO_453_1.jpg,PROESTRO
476,PROESTRO_454_1.jpg,PROESTRO
477,PROESTRO_455_1.jpg,PROESTRO
478,PROESTRO_459_1.jpg,PROESTRO
479,PROESTRO_472_1.jpg,PROESTRO
480,PROESTRO_473_1.jpg,PROESTRO
481,PROESTRO_474_1.jpg,PROESTRO
482,PROESTRO_490_1.jpg,PROESTRO
483,PROESTRO_491_1.jpg,PROESTRO
484,PROESTRO_492_1.jpg,PROESTRO
485,PROESTRO_493_1.jpg,PROESTRO
486,PROESTRO_511_1.jpg,PROESTRO
487,PROESTRO_512_1.jpg,PROESTRO
488,PROESTRO_513_1.jpg,PROESTRO
489,PROESTRO_531_1.jpg,PROESTRO
490,PROESTRO_532_1.jpg,PROESTRO
491,PROESTRO_533_1.jpg,PROESTRO
492,PROESTRO_534_1.jpg,PROESTRO
493,PROESTRO_535_1.jpg,PROESTRO
494,PROESTRO_536_1.jpg,PROESTRO
495,PROESTRO_629_1.jpg,PROESTRO
496,PROESTRO_630_1.jpg,PROESTRO
497,PROESTRO_631_1.jpg,PROESTRO
